{
    "accuracy": 0.6689156626506024,
    "precision": 0.7715231788079471,
    "recall": 0.45911330049261084,
    "auc": 0.7250622734454876
}